URL_1,URL_2 ,TITLE MATCH RESULT,DESCRIPTION MATCH RESULT

https://pragma1.wpengine.com/empowering-organizations-with-the-power-of-high-velocity-sales/,https://leadsquared.com/empowering-organizations-with-the-power-of-high-velocity-sales/,Matched,Matched

https://pragma1.wpengine.com/career-school-admissions-automation/,https://leadsquared.com/career-school-admissions-automation/,Matched,Matched

https://pragma1.wpengine.com/smb-india-plans-terms-and-conditions/,https://leadsquared.com/smb-india-plans-terms-and-conditions/,Matched,Matched

https://pragma1.wpengine.com/ebooks/,https://leadsquared.com/ebooks/,Matched,Matched

https://pragma1.wpengine.com/learn/,https://leadsquared.com/learn/,Matched,Matched

https://pragma1.wpengine.com/insurance-cross-sell-engine/,https://leadsquared.com/insurance-cross-sell-engine/,Matched,Matched

https://pragma1.wpengine.com/credit-union-crm/,https://leadsquared.com/credit-union-crm/,Matched,Matched

https://pragma1.wpengine.com/insurance-agency-crm/,https://leadsquared.com/insurance-agency-crm/,Unmatched,Unmatched

https://pragma1.wpengine.com/leadsquared-raises-32-million-in-series-b/,https://leadsquared.com/leadsquared-raises-32-million-in-series-b/,Matched,Matched

https://pragma1.wpengine.com/crm-calltrackingmetrics-ctm-integration/,https://leadsquared.com/crm-calltrackingmetrics-ctm-integration/,Matched,Matched

https://pragma1.wpengine.com/customer-journey-builder/,https://leadsquared.com/customer-journey-builder/,Matched,Matched

https://pragma1.wpengine.com/opportunity-management-crm/,https://leadsquared.com/opportunity-management-crm/,Matched,Matched

https://pragma1.wpengine.com/mortgage-crm/,https://leadsquared.com/mortgage-crm/,Matched,Matched

https://pragma1.wpengine.com/open-positions/,https://leadsquared.com/open-positions/,Matched,Matched

https://pragma1.wpengine.com/edtech-crm/,https://leadsquared.com/edtech-crm/,Unmatched,Matched

https://pragma1.wpengine.com/customer-portal/,https://leadsquared.com/customer-portal/,Matched,Matched

https://pragma1.wpengine.com/applicant-portal-for-admissions/,https://leadsquared.com/applicant-portal-for-admissions/,Matched,Matched

https://pragma1.wpengine.com/replace-crm-or-connect/,https://leadsquared.com/replace-crm-or-connect/,Matched,Matched

https://pragma1.wpengine.com/video-kyc-solution/,https://leadsquared.com/video-kyc-solution/,Matched,Matched

https://pragma1.wpengine.com/retail-banking-crm/,https://leadsquared.com/retail-banking-crm/,Matched,Matched

https://pragma1.wpengine.com/banking-crm/,https://leadsquared.com/banking-crm/,Matched,Matched

https://pragma1.wpengine.com/customer-referral/,https://leadsquared.com/customer-referral/,Matched,Matched

https://pragma1.wpengine.com/call-center-sales-crm/,https://leadsquared.com/call-center-sales-crm/,Matched,Matched

https://pragma1.wpengine.com/collections-crm/,https://leadsquared.com/collections-crm/,Matched,Matched

https://pragma1.wpengine.com/hubspot-alternative/,https://leadsquared.com/hubspot-alternative/,Matched,Matched

https://pragma1.wpengine.com/ekyc-verification-solution/,https://leadsquared.com/ekyc-verification-solution/,Matched,Matched

https://pragma1.wpengine.com/marketplace-crm/,https://leadsquared.com/marketplace-crm/,Matched,Matched

https://pragma1.wpengine.com/remote-workforce-management/,https://leadsquared.com/remote-workforce-management/,Matched,Matched

https://pragma1.wpengine.com/salesforce-alternative/,https://leadsquared.com/salesforce-alternative/,Matched,Matched

https://pragma1.wpengine.com/merchant-lifecycle-management/,https://leadsquared.com/merchant-lifecycle-management/,Matched,Matched

https://pragma1.wpengine.com/leadsquared-vs-salesforce-comparison/,https://leadsquared.com/leadsquared-vs-salesforce-comparison/,Matched,Matched

https://pragma1.wpengine.com/whatsapp-integration/,https://leadsquared.com/whatsapp-integration/,Matched,Matched

https://pragma1.wpengine.com/higher-education-admissions-crm/,https://leadsquared.com/higher-education-admissions-crm/,Matched,Matched

https://pragma1.wpengine.com/stock-broker-crm/,https://leadsquared.com/stock-broker-crm/,Matched,Matched

https://pragma1.wpengine.com/multi-center-training-institutes-crm/,https://leadsquared.com/multi-center-training-institutes-crm/,Matched,Matched

https://pragma1.wpengine.com/field-force-automation-pricing/,https://leadsquared.com/field-force-automation-pricing/,Matched,Matched

https://pragma1.wpengine.com/automotive-crm-software/,https://leadsquared.com/automotive-crm-software/,Matched,Matched

https://pragma1.wpengine.com/medical-crm-software/,https://leadsquared.com/medical-crm-software/,Matched,Matched

https://pragma1.wpengine.com/partners/,https://leadsquared.com/partners/,Matched,Matched

https://pragma1.wpengine.com/real-estate-crm/,https://leadsquared.com/real-estate-crm/,Matched,Matched

https://pragma1.wpengine.com/vendor-onboarding-software/,https://leadsquared.com/vendor-onboarding-software/,Matched,Matched

https://pragma1.wpengine.com/lending-crm/,https://leadsquared.com/lending-crm/,Matched,Matched

https://pragma1.wpengine.com/careers/,https://leadsquared.com/careers/,Matched,Matched

https://pragma1.wpengine.com/healthcare-analytics/,https://leadsquared.com/healthcare-analytics/,Matched,Matched

https://pragma1.wpengine.com/healthcare/,https://leadsquared.com/healthcare/,Matched,Matched

https://pragma1.wpengine.com/patient-experience-management/,https://leadsquared.com/patient-experience-management/,Matched,Matched

https://pragma1.wpengine.com/patient-appointment-scheduling/,https://leadsquared.com/patient-appointment-scheduling/,Matched,Matched

https://pragma1.wpengine.com/physician-engagement-onboarding-retention/,https://leadsquared.com/physician-engagement-onboarding-retention/,Matched,Matched

https://pragma1.wpengine.com/aws-partnership-page/,https://leadsquared.com/aws-partnership-page/,Matched,Matched

https://pragma1.wpengine.com/patient-engagement-solution/,https://leadsquared.com/patient-engagement-solution/,Matched,Matched

https://pragma1.wpengine.com/healthcare-call-center-integration/,https://leadsquared.com/healthcare-call-center-integration/,Matched,Matched

https://pragma1.wpengine.com/healthcare-marketing-automation/,https://leadsquared.com/healthcare-marketing-automation/,Matched,Matched

https://pragma1.wpengine.com/new-patient-acquisition/,https://leadsquared.com/new-patient-acquisition/,Matched,Matched

https://pragma1.wpengine.com/upcoming-webinars/,https://leadsquared.com/upcoming-webinars/,Matched,Matched

https://pragma1.wpengine.com/bancassurance-sales/,https://leadsquared.com/bancassurance-sales/,Matched,Matched

https://pragma1.wpengine.com/crm-software/,https://leadsquared.com/crm-software/,Matched,Matched

https://pragma1.wpengine.com/marketing-automation/,https://leadsquared.com/marketing-automation/,Matched,Matched

https://pragma1.wpengine.com/weekly-sales-report/,https://leadsquared.com/weekly-sales-report/,Matched,Matched

https://pragma1.wpengine.com/identify-website-visitors/,https://leadsquared.com/identify-website-visitors/,Matched,Matched

https://pragma1.wpengine.com/marketing-funnel-report/,https://leadsquared.com/marketing-funnel-report/,Matched,Matched

https://pragma1.wpengine.com/landing-page-autoresponder/,https://leadsquared.com/landing-page-autoresponder/,Matched,Matched

https://pragma1.wpengine.com/duplicate-lead-report/,https://leadsquared.com/duplicate-lead-report/,Matched,Matched

https://pragma1.wpengine.com/email-campaign-report/,https://leadsquared.com/email-campaign-report/,Matched,Matched

https://pragma1.wpengine.com/lead-activity-report/,https://leadsquared.com/lead-activity-report/,Matched,Matched

https://pragma1.wpengine.com/revenue-dashboard/,https://leadsquared.com/revenue-dashboard/,Matched,Matched

https://pragma1.wpengine.com/sales-pipeline-report/,https://leadsquared.com/sales-pipeline-report/,Matched,Matched

https://pragma1.wpengine.com/field-force-report/,https://leadsquared.com/field-force-report/,Matched,Matched

https://pragma1.wpengine.com/field-force-tracker/,https://leadsquared.com/field-force-tracker/,Matched,Matched

https://pragma1.wpengine.com/field-force-automation-software/,https://leadsquared.com/field-force-automation-software/,Matched,Matched

https://pragma1.wpengine.com/field-force-management-guide/,https://leadsquared.com/field-force-management-guide/,Matched,Matched

https://pragma1.wpengine.com/security/,https://leadsquared.com/security/,Matched,Matched

https://pragma1.wpengine.com/field-management-software/,https://leadsquared.com/field-management-software/,Matched,Matched

https://pragma1.wpengine.com/insurance-field-sales-software/,https://leadsquared.com/insurance-field-sales-software/,Matched,Matched

https://pragma1.wpengine.com/insurance-call-center-software/,https://leadsquared.com/insurance-call-center-software/,Matched,Matched

https://pragma1.wpengine.com/insurance-marketing-automation/,https://leadsquared.com/insurance-marketing-automation/,Matched,Matched

https://pragma1.wpengine.com/insurance-crm/,https://leadsquared.com/insurance-crm/,Matched,Matched

https://pragma1.wpengine.com/insurance/,https://leadsquared.com/insurance/,Matched,Matched

https://pragma1.wpengine.com/ameyo-call-center-integration/,https://leadsquared.com/ameyo-call-center-integration/,Matched,Matched

https://pragma1.wpengine.com/field-force-manager/,https://leadsquared.com/field-force-manager/,Matched,Matched

https://pragma1.wpengine.com/acuity-appointment-scheduling-integration/,https://leadsquared.com/acuity-appointment-scheduling-integration/,Matched,Matched

https://pragma1.wpengine.com/gdpr/,https://leadsquared.com/gdpr/,Matched,Unmatched

https://pragma1.wpengine.com/gdpr/dpa-for-signature/,https://leadsquared.com/gdpr/dpa-for-signature/,Matched,Matched

https://pragma1.wpengine.com/gdpr-dpa/,https://leadsquared.com/gdpr-dpa/,Matched,Unmatched

https://pragma1.wpengine.com/lapps/,https://leadsquared.com/lapps/,Matched,Matched

https://pragma1.wpengine.com/customer-analysis-report/,https://leadsquared.com/customer-analysis-report/,Matched,Matched

https://pragma1.wpengine.com/banking/,https://leadsquared.com/banking/,Matched,Matched

https://pragma1.wpengine.com/knowledge-services/,https://leadsquared.com/knowledge-services/,Matched,Matched

https://pragma1.wpengine.com/higher-education/,https://leadsquared.com/higher-education/,Matched,Matched

https://pragma1.wpengine.com/higher-education/k12-and-schools/,https://leadsquared.com/higher-education/k12-and-schools/,Matched,Matched

https://pragma1.wpengine.com/education-text-messaging-solution/,https://leadsquared.com/education-text-messaging-solution/,Matched,Matched

https://pragma1.wpengine.com/education-call-center/,https://leadsquared.com/education-call-center/,Matched,Matched

https://pragma1.wpengine.com/corporate-banking-crm/,https://leadsquared.com/corporate-banking-crm/,Matched,Matched

https://pragma1.wpengine.com/banking-digital-transformation/,https://leadsquared.com/banking-digital-transformation/,Matched,Matched

https://pragma1.wpengine.com/marketing-automation-for-vars/,https://leadsquared.com/marketing-automation-for-vars/,Matched,Matched

https://pragma1.wpengine.com/value-added-reseller-onboarding/,https://leadsquared.com/value-added-reseller-onboarding/,Matched,Matched

https://pragma1.wpengine.com/value-added-reseller/,https://leadsquared.com/value-added-reseller/,Matched,Matched

https://pragma1.wpengine.com/increase-enrollment-for-higher-education/,https://leadsquared.com/increase-enrollment-for-higher-education/,Matched,Matched

https://pragma1.wpengine.com/sell-more-courses-online/,https://leadsquared.com/sell-more-courses-online/,Matched,Matched

https://pragma1.wpengine.com/career-school-management-system/,https://leadsquared.com/career-school-management-system/,Matched,Matched

https://pragma1.wpengine.com/for-it-team/,https://leadsquared.com/for-it-team/,Matched,Matched

https://pragma1.wpengine.com/ellucian-for-higher-education/,https://leadsquared.com/ellucian-for-higher-education/,Matched,Matched

https://pragma1.wpengine.com/salesforce-integration-for-higher-education/,https://leadsquared.com/salesforce-integration-for-higher-education/,Matched,Matched

https://pragma1.wpengine.com/student-enrollment-management-system/,https://leadsquared.com/student-enrollment-management-system/,Matched,Matched

https://pragma1.wpengine.com/education-marketing/,https://leadsquared.com/education-marketing/,Matched,Matched

https://pragma1.wpengine.com/student-recruitment-software/,https://leadsquared.com/student-recruitment-software/,Matched,Matched

https://pragma1.wpengine.com/higher-education-software-alternative/,https://leadsquared.com/higher-education-software-alternative/,Matched,Matched

https://pragma1.wpengine.com/using-excel-sheets-for-higher-education/,https://leadsquared.com/using-excel-sheets-for-higher-education/,Matched,Matched

https://pragma1.wpengine.com/higher-education-analytics/,https://leadsquared.com/higher-education-analytics/,Matched,Matched

https://pragma1.wpengine.com/infusionsoft-alternative/,https://leadsquared.com/infusionsoft-alternative/,Matched,Matched

https://pragma1.wpengine.com/lead-generation-guide/,https://leadsquared.com/lead-generation-guide/,Matched,Matched

https://pragma1.wpengine.com/dynamic-content/,https://leadsquared.com/dynamic-content/,Matched,Matched

https://pragma1.wpengine.com/free-trial/,https://leadsquared.com/free-trial/,Matched,Matched

https://pragma1.wpengine.com/unbounce-integration/,https://leadsquared.com/unbounce-integration/,Matched,Matched

https://pragma1.wpengine.com/olark-integration/,https://leadsquared.com/olark-integration/,Matched,Matched

https://pragma1.wpengine.com/website-tracking/,https://leadsquared.com/website-tracking/,Matched,Matched

https://pragma1.wpengine.com/lead-scoring/,https://leadsquared.com/lead-scoring/,Matched,Matched

https://pragma1.wpengine.com/sales-management/,https://leadsquared.com/sales-management/,Matched,Matched

https://pragma1.wpengine.com/lead-tracking/,https://leadsquared.com/lead-tracking/,Matched,Matched

https://pragma1.wpengine.com/lead-source-reports-copy/,https://leadsquared.com/lead-source-reports-copy/,Matched,Matched

https://pragma1.wpengine.com/lead-source-reports/,https://leadsquared.com/lead-source-reports/,Matched,Matched

https://pragma1.wpengine.com/bank-details/,https://leadsquared.com/bank-details/,Matched,Unmatched

https://pragma1.wpengine.com/contact-form7-integration/,https://leadsquared.com/contact-form7-integration/,Matched,Matched

https://pragma1.wpengine.com/lead-nurturing/,https://leadsquared.com/lead-nurturing/,Matched,Matched

https://pragma1.wpengine.com/leadsquared-terms-of-service/,https://leadsquared.com/leadsquared-terms-of-service/,Matched,Matched

https://pragma1.wpengine.com/responsive-landing-page-builder/,https://leadsquared.com/responsive-landing-page-builder/,Matched,Matched

https://pragma1.wpengine.com/revenue-report/,https://leadsquared.com/revenue-report/,Matched,Matched

https://pragma1.wpengine.com/affordable-hubspot-alternative/,https://leadsquared.com/affordable-hubspot-alternative/,Matched,Matched

https://pragma1.wpengine.com/lead-management-guide/,https://leadsquared.com/lead-management-guide/,Matched,Matched

https://pragma1.wpengine.com/gravity-forms-integration/,https://leadsquared.com/gravity-forms-integration/,Matched,Matched

https://pragma1.wpengine.com/thank-you-for-your-payment/,https://leadsquared.com/thank-you-for-your-payment/,Matched,Matched

https://pragma1.wpengine.com/leadsquared-subscription/,https://leadsquared.com/leadsquared-subscription/,Matched,Matched

https://pragma1.wpengine.com/team/,https://leadsquared.com/team/,Matched,Matched

https://pragma1.wpengine.com/about/,https://leadsquared.com/about/,Matched,Matched

https://pragma1.wpengine.com/marketing-automation-pricing/,https://leadsquared.com/marketing-automation-pricing/,Matched,Matched

https://pragma1.wpengine.com/aup/,https://leadsquared.com/aup/,Matched,Matched

https://pragma1.wpengine.com/instapage-integration/,https://leadsquared.com/instapage-integration/,Matched,Matched

https://pragma1.wpengine.com/sales-crm-pricing/,https://leadsquared.com/sales-crm-pricing/,Matched,Matched

https://pragma1.wpengine.com/citrus-pay/,https://leadsquared.com/citrus-pay/,Matched,Matched

https://pragma1.wpengine.com/sales-performance-report/,https://leadsquared.com/sales-performance-report/,Matched,Matched

https://pragma1.wpengine.com/zapier-integration/,https://leadsquared.com/zapier-integration/,Matched,Matched

https://pragma1.wpengine.com/microsoft-dynamics-integration/,https://leadsquared.com/microsoft-dynamics-integration/,Matched,Matched

https://pragma1.wpengine.com/online-demo/,https://leadsquared.com/online-demo/,Matched,Matched

https://pragma1.wpengine.com/email-marketing-software/,https://leadsquared.com/email-marketing-software/,Matched,Matched

https://pragma1.wpengine.com/contact/,https://leadsquared.com/contact/,Matched,Matched

https://pragma1.wpengine.com/compare-crm/,https://leadsquared.com/compare-crm/,Matched,Matched

https://pragma1.wpengine.com/marketing-automation-software-increases-sales/,https://leadsquared.com/marketing-automation-software-increases-sales/,Matched,Matched

https://pragma1.wpengine.com/razor-pay/,https://leadsquared.com/razor-pay/,Matched,Matched

https://pragma1.wpengine.com/salesforce-integration/,https://leadsquared.com/salesforce-integration/,Matched,Matched

https://pragma1.wpengine.com/comparison-sales-mobile-crm-pricing/,https://leadsquared.com/comparison-sales-mobile-crm-pricing/,Matched,Matched

https://pragma1.wpengine.com/sales-tracking/,https://leadsquared.com/sales-tracking/,Matched,Matched

https://pragma1.wpengine.com/sales-automation/,https://leadsquared.com/sales-automation/,Matched,Matched

https://pragma1.wpengine.com/internalpage/,https://leadsquared.com/internalpage/,Matched,Unmatched

https://pragma1.wpengine.com/integrations/,https://leadsquared.com/integrations/,Matched,Matched

https://pragma1.wpengine.com/edtech-companies/,https://leadsquared.com/edtech-companies/,Matched,Matched

https://pragma1.wpengine.com/shopify-integration/,https://leadsquared.com/shopify-integration/,Matched,Matched

https://pragma1.wpengine.com/gotowebinar-integration/,https://leadsquared.com/gotowebinar-integration/,Matched,Matched

https://pragma1.wpengine.com/refund-policy/,https://leadsquared.com/refund-policy/,Matched,Unmatched

https://pragma1.wpengine.com/calltrackingmetrics-integration/,https://leadsquared.com/calltrackingmetrics-integration/,Matched,Matched

https://pragma1.wpengine.com/facebook-retargeting-integration/,https://leadsquared.com/facebook-retargeting-integration/,Matched,Matched

https://pragma1.wpengine.com/zendesk-integration/,https://leadsquared.com/zendesk-integration/,Matched,Matched

https://pragma1.wpengine.com/drip-marketing-guide/,https://leadsquared.com/drip-marketing-guide/,Matched,Matched

https://pragma1.wpengine.com/mobile-crm/,https://leadsquared.com/mobile-crm/,Matched,Matched

https://pragma1.wpengine.com/magento-integration/,https://leadsquared.com/magento-integration/,Matched,Matched

https://pragma1.wpengine.com/bigcommerce-integration/,https://leadsquared.com/bigcommerce-integration/,Matched,Matched

https://pragma1.wpengine.com/sulekha-integration/,https://leadsquared.com/sulekha-integration/,Matched,Matched

https://pragma1.wpengine.com/justdial-integration/,https://leadsquared.com/justdial-integration/,Matched,Matched

https://pragma1.wpengine.com/super-receptionist-integration/,https://leadsquared.com/super-receptionist-integration/,Matched,Matched

https://pragma1.wpengine.com/indiamart-integration/,https://leadsquared.com/indiamart-integration/,Matched,Matched

https://pragma1.wpengine.com/callrail-integration/,https://leadsquared.com/callrail-integration/,Matched,Matched

https://pragma1.wpengine.com/shiksha-integration/,https://leadsquared.com/shiksha-integration/,Matched,Matched

https://pragma1.wpengine.com/ringcentral-integration/,https://leadsquared.com/ringcentral-integration/,Matched,Matched

https://pragma1.wpengine.com/ozonetel-integration/,https://leadsquared.com/ozonetel-integration/,Matched,Matched

https://pragma1.wpengine.com/magicbricks-integration/,https://leadsquared.com/magicbricks-integration/,Matched,Matched

https://pragma1.wpengine.com/exotel-integration/,https://leadsquared.com/exotel-integration/,Matched,Matched

https://pragma1.wpengine.com/99acres-integration/,https://leadsquared.com/99acres-integration/,Matched,Matched

https://pragma1.wpengine.com/livechat-integration/,https://leadsquared.com/livechat-integration/,Matched,Matched

https://pragma1.wpengine.com/twitter-integration/,https://leadsquared.com/twitter-integration/,Matched,Matched

https://pragma1.wpengine.com/facebook-lead-ads-integration/,https://leadsquared.com/facebook-lead-ads-integration/,Matched,Matched

https://pragma1.wpengine.com/zopim-integration/,https://leadsquared.com/zopim-integration/,Matched,Matched

https://pragma1.wpengine.com/outlook-integration/,https://leadsquared.com/outlook-integration/,Matched,Matched

https://pragma1.wpengine.com/lead-distribution/,https://leadsquared.com/lead-distribution/,Matched,Matched

https://pragma1.wpengine.com/marketing-list-segmentation/,https://leadsquared.com/marketing-list-segmentation/,Matched,Matched

https://pragma1.wpengine.com/pay/,https://leadsquared.com/pay/,Matched,Matched

https://pragma1.wpengine.com/marketing-automation-plans-comparison/,https://leadsquared.com/marketing-automation-plans-comparison/,Matched,Matched

https://pragma1.wpengine.com/lead-capture-automation/,https://leadsquared.com/lead-capture-automation/,Matched,Matched

https://pragma1.wpengine.com/why-leadsquared-for-education/,https://leadsquared.com/why-leadsquared-for-education/,Matched,Matched

https://pragma1.wpengine.com/higher-education-crm/,https://leadsquared.com/higher-education-crm/,Matched,Matched

https://pragma1.wpengine.com/higher-education-marketing-automation/,https://leadsquared.com/higher-education-marketing-automation/,Matched,Matched

https://pragma1.wpengine.com/mobile-call-center-solution/,https://leadsquared.com/mobile-call-center-solution/,Matched,Matched

https://pragma1.wpengine.com/lead-conversion-platform/,https://leadsquared.com/lead-conversion-platform/,Matched,Matched

https://pragma1.wpengine.com/email-integration/,https://leadsquared.com/email-integration/,Matched,Matched

https://pragma1.wpengine.com/lead-qualification/,https://leadsquared.com/lead-qualification/,Matched,Matched

https://pragma1.wpengine.com/privacy-policy/,https://leadsquared.com/privacy-policy/,Matched,Matched

https://pragma1.wpengine.com/marketing-analytics/,https://leadsquared.com/marketing-analytics/,Matched,Matched

https://pragma1.wpengine.com/thank-you-page/,https://leadsquared.com/thank-you-page/,Matched,Matched

https://pragma1.wpengine.com/landing-page-guide/,https://leadsquared.com/landing-page-guide/,Matched,Matched

https://pragma1.wpengine.com/email-marketing-guide/,https://leadsquared.com/email-marketing-guide/,Matched,Matched

https://pragma1.wpengine.com/hipaa-compliant-healthcare-crm/,https://leadsquared.com/hipaa-compliant-healthcare-crm/,Matched,Matched

https://pragma1.wpengine.com/travel-crm/,https://leadsquared.com/travel-crm/,Matched,Matched

https://pragma1.wpengine.com/hospitality-crm/,https://leadsquared.com/hospitality-crm/,Matched,Matched

https://pragma1.wpengine.com/healthcare-crm/,https://leadsquared.com/healthcare-crm/,Matched,Matched

https://pragma1.wpengine.com/the-definitive-guide-to-marketing-automation/,https://leadsquared.com/the-definitive-guide-to-marketing-automation/,Matched,Matched

https://pragma1.wpengine.com/ultimate-guide-webinar-marketing/,https://leadsquared.com/ultimate-guide-webinar-marketing/,Matched,Matched

https://pragma1.wpengine.com/gmail-integration/,https://leadsquared.com/gmail-integration/,Matched,Matched

https://pragma1.wpengine.com/lead-management-system/,https://leadsquared.com/lead-management-system/,Matched,Matched

https://pragma1.wpengine.com/drip-marketing-automation/,https://leadsquared.com/drip-marketing-automation/,Matched,Matched

https://pragma1.wpengine.com/,https://leadsquared.com/,Matched,Matched

https://pragma1.wpengine.com/smb-pricing-plan/,https://leadsquared.com/smb-pricing-plan/,Matched,Matched

https://pragma1.wpengine.com/higher-education-institutions/,https://leadsquared.com/higher-education-institutions/,Matched,Matched

https://pragma1.wpengine.com/our-story/,https://leadsquared.com/our-story/,Matched,Matched

https://pragma1.wpengine.com/webinars/,https://leadsquared.com/webinars/,Matched,Matched

https://pragma1.wpengine.com/insurance-agency-crm-software/,https://leadsquared.com/insurance-agency-crm-software/,Matched,Matched

https://pragma1.wpengine.com/case-studies/,https://leadsquared.com/case-studies/,Unmatched,Unmatched

https://pragma1.wpengine.com/crm/glossary/,https://leadsquared.com/crm/glossary/,Unmatched,Matched

