URL_1,URL_2
https://pragma1.wpengine.com/empowering-organizations-with-the-power-of-high-velocity-sales/,https://leadsquared.com/empowering-organizations-with-the-power-of-high-velocity-sales/
https://pragma1.wpengine.com/career-school-admissions-automation/,https://leadsquared.com/career-school-admissions-automation/
https://pragma1.wpengine.com/smb-india-plans-terms-and-conditions/,https://leadsquared.com/smb-india-plans-terms-and-conditions/
https://pragma1.wpengine.com/ebooks/,https://leadsquared.com/ebooks/
https://pragma1.wpengine.com/learn/,https://leadsquared.com/learn/
https://pragma1.wpengine.com/insurance-cross-sell-engine/,https://leadsquared.com/insurance-cross-sell-engine/
https://pragma1.wpengine.com/credit-union-crm/,https://leadsquared.com/credit-union-crm/
https://pragma1.wpengine.com/insurance-agency-crm/,https://leadsquared.com/insurance-agency-crm/
https://pragma1.wpengine.com/leadsquared-raises-32-million-in-series-b/,https://leadsquared.com/leadsquared-raises-32-million-in-series-b/
https://pragma1.wpengine.com/crm-calltrackingmetrics-ctm-integration/,https://leadsquared.com/crm-calltrackingmetrics-ctm-integration/
https://pragma1.wpengine.com/customer-journey-builder/,https://leadsquared.com/customer-journey-builder/
https://pragma1.wpengine.com/opportunity-management-crm/,https://leadsquared.com/opportunity-management-crm/
https://pragma1.wpengine.com/mortgage-crm/,https://leadsquared.com/mortgage-crm/
https://pragma1.wpengine.com/open-positions/,https://leadsquared.com/open-positions/
https://pragma1.wpengine.com/edtech-crm/,https://leadsquared.com/edtech-crm/
https://pragma1.wpengine.com/customer-portal/,https://leadsquared.com/customer-portal/
https://pragma1.wpengine.com/applicant-portal-for-admissions/,https://leadsquared.com/applicant-portal-for-admissions/
https://pragma1.wpengine.com/replace-crm-or-connect/,https://leadsquared.com/replace-crm-or-connect/
https://pragma1.wpengine.com/video-kyc-solution/,https://leadsquared.com/video-kyc-solution/
https://pragma1.wpengine.com/retail-banking-crm/,https://leadsquared.com/retail-banking-crm/
https://pragma1.wpengine.com/banking-crm/,https://leadsquared.com/banking-crm/
https://pragma1.wpengine.com/customer-referral/,https://leadsquared.com/customer-referral/
https://pragma1.wpengine.com/call-center-sales-crm/,https://leadsquared.com/call-center-sales-crm/
https://pragma1.wpengine.com/collections-crm/,https://leadsquared.com/collections-crm/
https://pragma1.wpengine.com/hubspot-alternative/,https://leadsquared.com/hubspot-alternative/
https://pragma1.wpengine.com/ekyc-verification-solution/,https://leadsquared.com/ekyc-verification-solution/
https://pragma1.wpengine.com/marketplace-crm/,https://leadsquared.com/marketplace-crm/
https://pragma1.wpengine.com/remote-workforce-management/,https://leadsquared.com/remote-workforce-management/
https://pragma1.wpengine.com/salesforce-alternative/,https://leadsquared.com/salesforce-alternative/
https://pragma1.wpengine.com/merchant-lifecycle-management/,https://leadsquared.com/merchant-lifecycle-management/
https://pragma1.wpengine.com/leadsquared-vs-salesforce-comparison/,https://leadsquared.com/leadsquared-vs-salesforce-comparison/
https://pragma1.wpengine.com/whatsapp-integration/,https://leadsquared.com/whatsapp-integration/
https://pragma1.wpengine.com/higher-education-admissions-crm/,https://leadsquared.com/higher-education-admissions-crm/
https://pragma1.wpengine.com/stock-broker-crm/,https://leadsquared.com/stock-broker-crm/
https://pragma1.wpengine.com/multi-center-training-institutes-crm/,https://leadsquared.com/multi-center-training-institutes-crm/
https://pragma1.wpengine.com/field-force-automation-pricing/,https://leadsquared.com/field-force-automation-pricing/
https://pragma1.wpengine.com/automotive-crm-software/,https://leadsquared.com/automotive-crm-software/
https://pragma1.wpengine.com/medical-crm-software/,https://leadsquared.com/medical-crm-software/
https://pragma1.wpengine.com/partners/,https://leadsquared.com/partners/
https://pragma1.wpengine.com/real-estate-crm/,https://leadsquared.com/real-estate-crm/
https://pragma1.wpengine.com/vendor-onboarding-software/,https://leadsquared.com/vendor-onboarding-software/
https://pragma1.wpengine.com/lending-crm/,https://leadsquared.com/lending-crm/
https://pragma1.wpengine.com/careers/,https://leadsquared.com/careers/
https://pragma1.wpengine.com/healthcare-analytics/,https://leadsquared.com/healthcare-analytics/
https://pragma1.wpengine.com/healthcare/,https://leadsquared.com/healthcare/
https://pragma1.wpengine.com/patient-experience-management/,https://leadsquared.com/patient-experience-management/
https://pragma1.wpengine.com/patient-appointment-scheduling/,https://leadsquared.com/patient-appointment-scheduling/
https://pragma1.wpengine.com/physician-engagement-onboarding-retention/,https://leadsquared.com/physician-engagement-onboarding-retention/
https://pragma1.wpengine.com/aws-partnership-page/,https://leadsquared.com/aws-partnership-page/
https://pragma1.wpengine.com/patient-engagement-solution/,https://leadsquared.com/patient-engagement-solution/
https://pragma1.wpengine.com/healthcare-call-center-integration/,https://leadsquared.com/healthcare-call-center-integration/
https://pragma1.wpengine.com/healthcare-marketing-automation/,https://leadsquared.com/healthcare-marketing-automation/
https://pragma1.wpengine.com/new-patient-acquisition/,https://leadsquared.com/new-patient-acquisition/
https://pragma1.wpengine.com/upcoming-webinars/,https://leadsquared.com/upcoming-webinars/
https://pragma1.wpengine.com/bancassurance-sales/,https://leadsquared.com/bancassurance-sales/
https://pragma1.wpengine.com/crm-software/,https://leadsquared.com/crm-software/
https://pragma1.wpengine.com/marketing-automation/,https://leadsquared.com/marketing-automation/
https://pragma1.wpengine.com/weekly-sales-report/,https://leadsquared.com/weekly-sales-report/
https://pragma1.wpengine.com/identify-website-visitors/,https://leadsquared.com/identify-website-visitors/
https://pragma1.wpengine.com/marketing-funnel-report/,https://leadsquared.com/marketing-funnel-report/
https://pragma1.wpengine.com/landing-page-autoresponder/,https://leadsquared.com/landing-page-autoresponder/
https://pragma1.wpengine.com/duplicate-lead-report/,https://leadsquared.com/duplicate-lead-report/
https://pragma1.wpengine.com/email-campaign-report/,https://leadsquared.com/email-campaign-report/
https://pragma1.wpengine.com/lead-activity-report/,https://leadsquared.com/lead-activity-report/
https://pragma1.wpengine.com/revenue-dashboard/,https://leadsquared.com/revenue-dashboard/
https://pragma1.wpengine.com/sales-pipeline-report/,https://leadsquared.com/sales-pipeline-report/
https://pragma1.wpengine.com/field-force-report/,https://leadsquared.com/field-force-report/
https://pragma1.wpengine.com/field-force-tracker/,https://leadsquared.com/field-force-tracker/
https://pragma1.wpengine.com/field-force-automation-software/,https://leadsquared.com/field-force-automation-software/
https://pragma1.wpengine.com/field-force-management-guide/,https://leadsquared.com/field-force-management-guide/
https://pragma1.wpengine.com/security/,https://leadsquared.com/security/
https://pragma1.wpengine.com/field-management-software/,https://leadsquared.com/field-management-software/
https://pragma1.wpengine.com/insurance-field-sales-software/,https://leadsquared.com/insurance-field-sales-software/
https://pragma1.wpengine.com/insurance-call-center-software/,https://leadsquared.com/insurance-call-center-software/
https://pragma1.wpengine.com/insurance-marketing-automation/,https://leadsquared.com/insurance-marketing-automation/
https://pragma1.wpengine.com/insurance-crm/,https://leadsquared.com/insurance-crm/
https://pragma1.wpengine.com/insurance/,https://leadsquared.com/insurance/
https://pragma1.wpengine.com/ameyo-call-center-integration/,https://leadsquared.com/ameyo-call-center-integration/
https://pragma1.wpengine.com/field-force-manager/,https://leadsquared.com/field-force-manager/
https://pragma1.wpengine.com/acuity-appointment-scheduling-integration/,https://leadsquared.com/acuity-appointment-scheduling-integration/
https://pragma1.wpengine.com/gdpr/,https://leadsquared.com/gdpr/
https://pragma1.wpengine.com/gdpr/dpa-for-signature/,https://leadsquared.com/gdpr/dpa-for-signature/
https://pragma1.wpengine.com/gdpr-dpa/,https://leadsquared.com/gdpr-dpa/
https://pragma1.wpengine.com/lapps/,https://leadsquared.com/lapps/
https://pragma1.wpengine.com/customer-analysis-report/,https://leadsquared.com/customer-analysis-report/
https://pragma1.wpengine.com/banking/,https://leadsquared.com/banking/
https://pragma1.wpengine.com/knowledge-services/,https://leadsquared.com/knowledge-services/
https://pragma1.wpengine.com/higher-education/,https://leadsquared.com/higher-education/
https://pragma1.wpengine.com/edtech-crm/,https://leadsquared.com/edtech-crm/
https://pragma1.wpengine.com/higher-education/k12-and-schools/,https://leadsquared.com/higher-education/k12-and-schools/
https://pragma1.wpengine.com/education-text-messaging-solution/,https://leadsquared.com/education-text-messaging-solution/
https://pragma1.wpengine.com/education-call-center/,https://leadsquared.com/education-call-center/
https://pragma1.wpengine.com/corporate-banking-crm/,https://leadsquared.com/corporate-banking-crm/
https://pragma1.wpengine.com/banking-digital-transformation/,https://leadsquared.com/banking-digital-transformation/
https://pragma1.wpengine.com/marketing-automation-for-vars/,https://leadsquared.com/marketing-automation-for-vars/
https://pragma1.wpengine.com/value-added-reseller-onboarding/,https://leadsquared.com/value-added-reseller-onboarding/
https://pragma1.wpengine.com/value-added-reseller/,https://leadsquared.com/value-added-reseller/
https://pragma1.wpengine.com/increase-enrollment-for-higher-education/,https://leadsquared.com/increase-enrollment-for-higher-education/
https://pragma1.wpengine.com/education-text-messaging-solution/,https://leadsquared.com/education-text-messaging-solution/
https://pragma1.wpengine.com/sell-more-courses-online/,https://leadsquared.com/sell-more-courses-online/
https://pragma1.wpengine.com/career-school-management-system/,https://leadsquared.com/career-school-management-system/
https://pragma1.wpengine.com/for-it-team/,https://leadsquared.com/for-it-team/
https://pragma1.wpengine.com/ellucian-for-higher-education/,https://leadsquared.com/ellucian-for-higher-education/
https://pragma1.wpengine.com/salesforce-integration-for-higher-education/,https://leadsquared.com/salesforce-integration-for-higher-education/
https://pragma1.wpengine.com/student-enrollment-management-system/,https://leadsquared.com/student-enrollment-management-system/
https://pragma1.wpengine.com/education-marketing/,https://leadsquared.com/education-marketing/
https://pragma1.wpengine.com/student-recruitment-software/,https://leadsquared.com/student-recruitment-software/
https://pragma1.wpengine.com/higher-education-software-alternative/,https://leadsquared.com/higher-education-software-alternative/
https://pragma1.wpengine.com/using-excel-sheets-for-higher-education/,https://leadsquared.com/using-excel-sheets-for-higher-education/
https://pragma1.wpengine.com/higher-education-analytics/,https://leadsquared.com/higher-education-analytics/
https://pragma1.wpengine.com/infusionsoft-alternative/,https://leadsquared.com/infusionsoft-alternative/
https://pragma1.wpengine.com/lead-generation-guide/,https://leadsquared.com/lead-generation-guide/
https://pragma1.wpengine.com/dynamic-content/,https://leadsquared.com/dynamic-content/
https://pragma1.wpengine.com/free-trial/,https://leadsquared.com/free-trial/
https://pragma1.wpengine.com/unbounce-integration/,https://leadsquared.com/unbounce-integration/
https://pragma1.wpengine.com/olark-integration/,https://leadsquared.com/olark-integration/
https://pragma1.wpengine.com/website-tracking/,https://leadsquared.com/website-tracking/
https://pragma1.wpengine.com/lead-scoring/,https://leadsquared.com/lead-scoring/
https://pragma1.wpengine.com/sales-management/,https://leadsquared.com/sales-management/
https://pragma1.wpengine.com/lead-tracking/,https://leadsquared.com/lead-tracking/
https://pragma1.wpengine.com/lead-source-reports-copy/,https://leadsquared.com/lead-source-reports-copy/
https://pragma1.wpengine.com/lead-source-reports/,https://leadsquared.com/lead-source-reports/
https://pragma1.wpengine.com/bank-details/,https://leadsquared.com/bank-details/
https://pragma1.wpengine.com/contact-form7-integration/,https://leadsquared.com/contact-form7-integration/
https://pragma1.wpengine.com/lead-nurturing/,https://leadsquared.com/lead-nurturing/
https://pragma1.wpengine.com/leadsquared-terms-of-service/,https://leadsquared.com/leadsquared-terms-of-service/
https://pragma1.wpengine.com/responsive-landing-page-builder/,https://leadsquared.com/responsive-landing-page-builder/
https://pragma1.wpengine.com/revenue-report/,https://leadsquared.com/revenue-report/
https://pragma1.wpengine.com/affordable-hubspot-alternative/,https://leadsquared.com/affordable-hubspot-alternative/
https://pragma1.wpengine.com/lead-management-guide/,https://leadsquared.com/lead-management-guide/
https://pragma1.wpengine.com/gravity-forms-integration/,https://leadsquared.com/gravity-forms-integration/
https://pragma1.wpengine.com/thank-you-for-your-payment/,https://leadsquared.com/thank-you-for-your-payment/
https://pragma1.wpengine.com/leadsquared-subscription/,https://leadsquared.com/leadsquared-subscription/
https://pragma1.wpengine.com/team/,https://leadsquared.com/team/
https://pragma1.wpengine.com/about/,https://leadsquared.com/about/
https://pragma1.wpengine.com/marketing-automation-pricing/,https://leadsquared.com/marketing-automation-pricing/
https://pragma1.wpengine.com/aup/,https://leadsquared.com/aup/
https://pragma1.wpengine.com/instapage-integration/,https://leadsquared.com/instapage-integration/
https://pragma1.wpengine.com/sales-crm-pricing/,https://leadsquared.com/sales-crm-pricing/
https://pragma1.wpengine.com/citrus-pay/,https://leadsquared.com/citrus-pay/
https://pragma1.wpengine.com/sales-performance-report/,https://leadsquared.com/sales-performance-report/
https://pragma1.wpengine.com/zapier-integration/,https://leadsquared.com/zapier-integration/
https://pragma1.wpengine.com/microsoft-dynamics-integration/,https://leadsquared.com/microsoft-dynamics-integration/
https://pragma1.wpengine.com/online-demo/,https://leadsquared.com/online-demo/
https://pragma1.wpengine.com/email-marketing-software/,https://leadsquared.com/email-marketing-software/
https://pragma1.wpengine.com/contact/,https://leadsquared.com/contact/
https://pragma1.wpengine.com/compare-crm/,https://leadsquared.com/compare-crm/
https://pragma1.wpengine.com/marketing-automation-software-increases-sales/,https://leadsquared.com/marketing-automation-software-increases-sales/
https://pragma1.wpengine.com/razor-pay/,https://leadsquared.com/razor-pay/
https://pragma1.wpengine.com/salesforce-integration/,https://leadsquared.com/salesforce-integration/
https://pragma1.wpengine.com/comparison-sales-mobile-crm-pricing/,https://leadsquared.com/comparison-sales-mobile-crm-pricing/
https://pragma1.wpengine.com/sales-tracking/,https://leadsquared.com/sales-tracking/
https://pragma1.wpengine.com/sales-automation/,https://leadsquared.com/sales-automation/
https://pragma1.wpengine.com/internalpage/,https://leadsquared.com/internalpage/
https://pragma1.wpengine.com/integrations/,https://leadsquared.com/integrations/
https://pragma1.wpengine.com/edtech-companies/,https://leadsquared.com/edtech-companies/
https://pragma1.wpengine.com/shopify-integration/,https://leadsquared.com/shopify-integration/
https://pragma1.wpengine.com/gotowebinar-integration/,https://leadsquared.com/gotowebinar-integration/
https://pragma1.wpengine.com/marketing-automation-pricing/,https://leadsquared.com/marketing-automation-pricing/
https://pragma1.wpengine.com/refund-policy/,https://leadsquared.com/refund-policy/
https://pragma1.wpengine.com/calltrackingmetrics-integration/,https://leadsquared.com/calltrackingmetrics-integration/
https://pragma1.wpengine.com/facebook-retargeting-integration/,https://leadsquared.com/facebook-retargeting-integration/
https://pragma1.wpengine.com/zendesk-integration/,https://leadsquared.com/zendesk-integration/
https://pragma1.wpengine.com/drip-marketing-guide/,https://leadsquared.com/drip-marketing-guide/
https://pragma1.wpengine.com/mobile-crm/,https://leadsquared.com/mobile-crm/
https://pragma1.wpengine.com/magento-integration/,https://leadsquared.com/magento-integration/
https://pragma1.wpengine.com/bigcommerce-integration/,https://leadsquared.com/bigcommerce-integration/
https://pragma1.wpengine.com/sulekha-integration/,https://leadsquared.com/sulekha-integration/
https://pragma1.wpengine.com/justdial-integration/,https://leadsquared.com/justdial-integration/
https://pragma1.wpengine.com/super-receptionist-integration/,https://leadsquared.com/super-receptionist-integration/
https://pragma1.wpengine.com/indiamart-integration/,https://leadsquared.com/indiamart-integration/
https://pragma1.wpengine.com/callrail-integration/,https://leadsquared.com/callrail-integration/
https://pragma1.wpengine.com/shiksha-integration/,https://leadsquared.com/shiksha-integration/
https://pragma1.wpengine.com/ringcentral-integration/,https://leadsquared.com/ringcentral-integration/
https://pragma1.wpengine.com/ozonetel-integration/,https://leadsquared.com/ozonetel-integration/
https://pragma1.wpengine.com/magicbricks-integration/,https://leadsquared.com/magicbricks-integration/
https://pragma1.wpengine.com/exotel-integration/,https://leadsquared.com/exotel-integration/
https://pragma1.wpengine.com/99acres-integration/,https://leadsquared.com/99acres-integration/
https://pragma1.wpengine.com/livechat-integration/,https://leadsquared.com/livechat-integration/
https://pragma1.wpengine.com/twitter-integration/,https://leadsquared.com/twitter-integration/
https://pragma1.wpengine.com/facebook-lead-ads-integration/,https://leadsquared.com/facebook-lead-ads-integration/
https://pragma1.wpengine.com/zopim-integration/,https://leadsquared.com/zopim-integration/
https://pragma1.wpengine.com/outlook-integration/,https://leadsquared.com/outlook-integration/
https://pragma1.wpengine.com/lead-distribution/,https://leadsquared.com/lead-distribution/
https://pragma1.wpengine.com/marketing-list-segmentation/,https://leadsquared.com/marketing-list-segmentation/
https://pragma1.wpengine.com/pay/,https://leadsquared.com/pay/
https://pragma1.wpengine.com/marketing-automation-plans-comparison/,https://leadsquared.com/marketing-automation-plans-comparison/
https://pragma1.wpengine.com/lead-capture-automation/,https://leadsquared.com/lead-capture-automation/
https://pragma1.wpengine.com/why-leadsquared-for-education/,https://leadsquared.com/why-leadsquared-for-education/
https://pragma1.wpengine.com/higher-education-crm/,https://leadsquared.com/higher-education-crm/
https://pragma1.wpengine.com/higher-education-marketing-automation/,https://leadsquared.com/higher-education-marketing-automation/
https://pragma1.wpengine.com/free-trial/,https://leadsquared.com/free-trial/
https://pragma1.wpengine.com/mobile-call-center-solution/,https://leadsquared.com/mobile-call-center-solution/
https://pragma1.wpengine.com/lead-conversion-platform/,https://leadsquared.com/lead-conversion-platform/
https://pragma1.wpengine.com/email-integration/,https://leadsquared.com/email-integration/
https://pragma1.wpengine.com/lead-qualification/,https://leadsquared.com/lead-qualification/
https://pragma1.wpengine.com/privacy-policy/,https://leadsquared.com/privacy-policy/
https://pragma1.wpengine.com/marketing-analytics/,https://leadsquared.com/marketing-analytics/
https://pragma1.wpengine.com/thank-you-page/,https://leadsquared.com/thank-you-page/
https://pragma1.wpengine.com/landing-page-guide/,https://leadsquared.com/landing-page-guide/
https://pragma1.wpengine.com/insurance-crm/,https://leadsquared.com/insurance-crm/
https://pragma1.wpengine.com/email-marketing-guide/,https://leadsquared.com/email-marketing-guide/
https://pragma1.wpengine.com/hipaa-compliant-healthcare-crm/,https://leadsquared.com/hipaa-compliant-healthcare-crm/
https://pragma1.wpengine.com/travel-crm/,https://leadsquared.com/travel-crm/
https://pragma1.wpengine.com/hospitality-crm/,https://leadsquared.com/hospitality-crm/
https://pragma1.wpengine.com/healthcare-crm/,https://leadsquared.com/healthcare-crm/
https://pragma1.wpengine.com/lending-crm/,https://leadsquared.com/lending-crm/
https://pragma1.wpengine.com/the-definitive-guide-to-marketing-automation/,https://leadsquared.com/the-definitive-guide-to-marketing-automation/
https://pragma1.wpengine.com/ultimate-guide-webinar-marketing/,https://leadsquared.com/ultimate-guide-webinar-marketing/
https://pragma1.wpengine.com/gmail-integration/,https://leadsquared.com/gmail-integration/
https://pragma1.wpengine.com/lead-management-system/,https://leadsquared.com/lead-management-system/
https://pragma1.wpengine.com/drip-marketing-automation/,https://leadsquared.com/drip-marketing-automation/
https://pragma1.wpengine.com/,https://leadsquared.com/
https://pragma1.wpengine.com/smb-pricing-plan/,https://leadsquared.com/smb-pricing-plan/
https://pragma1.wpengine.com/higher-education-institutions/,https://leadsquared.com/higher-education-institutions/
https://pragma1.wpengine.com/our-story/,https://leadsquared.com/our-story/
https://pragma1.wpengine.com/webinars/,https://leadsquared.com/webinars/
https://pragma1.wpengine.com/insurance-agency-crm-software/,https://leadsquared.com/insurance-agency-crm-software/
https://pragma1.wpengine.com/case-studies/,https://leadsquared.com/case-studies/
https://pragma1.wpengine.com/crm/glossary/,https://leadsquared.com/crm/glossary/